<?xml version="1.0" encoding="UTF-8" standalone="yes"?>
<Content>
    <Views>
        <ViewDef id="972d73fa-208c-44f4-b804-eab6b29185c3">
            <Title>Cluster and VM CPU Usage Trends</Title>
            <Description>Cluster and VM CPU Usage Trends</Description>
            <SubjectType adapterKind="VMWARE" resourceKind="VirtualMachine" type="descendant"/>
            <SubjectType adapterKind="VMWARE" resourceKind="VirtualMachine" type="self"/>
            <SubjectType adapterKind="VMWARE" resourceKind="ClusterComputeResource" type="descendant"/>
            <SubjectType adapterKind="VMWARE" resourceKind="ClusterComputeResource" type="self"/>
            <Usage>dashboard</Usage>
            <Usage>report</Usage>
            <Usage>details</Usage>
            <Usage>content</Usage>
            <Controls>
                <Control id="time-interval-selector_id_59" type="time-interval-selector" visible="false">
                    <Property name="advancedTimeMode" value="false"/>
                    <Property name="unit" value="DAYS"/>
                    <Property name="count" value="30"/>
                </Control>
                <Control id="attributes-selector_id_60" type="attributes-selector" visible="false">
                    <Property name="attributeInfos">
                        <List>
                            <Item>
<Value>
    <Property name="objectType" value="RESOURCE"/>
    <Property name="attributeKey" value="cpu|usagemhz_average"/>
    <Property name="preferredUnitId" value="mhz"/>
    <Property name="isStringAttribute" value="false"/>
    <Property name="rollUpType" value="NONE"/>
    <Property name="rollUpCount" value="0"/>
    <Property name="transformations">
        <List>
            <Item value="NONE"/>
        </List>
    </Property>
    <Property name="isProperty" value="false"/>
</Value>
                            </Item>
                        </List>
                    </Property>
                </Control>
                <Control id="pagination-control_id_61" type="pagination-control" visible="true">
                    <Property name="start" value="0"/>
                    <Property name="size" value="100"/>
                </Control>
            </Controls>
            <DataProviders>
                <DataProvider dataType="trend-view" id="trend-view_id_58"/>
            </DataProviders>
            <Presentation type="line-chart"/>
        </ViewDef>
    </Views>
</Content>
